No,Keyword,Volume,CPC,Paid Difficulty,SEO Difficulty
1,white glove moving company,720,8.74262181,68,26
2,interstate furniture removalists,5400,28.70327226,93,30
3,cheap monthly storage near me,1600,9.651224895,98,35
4,cheap storage space near me,880,10.05186878,97,35
5,oak sideboard,880,1.81720617,100,14
6,moving interstate movers,1000,23.91700876,90,41
7,storage cheap storage,1600,9.97317087,96,42
8,cheap self storage near me,1300,14.76658872,94,59
9,interstate removalists,4400,45.11536263,94,28
10,self storage near me cheap,1000,12.83491287,87,48
11,easy storage,590,9.81577506,46,48
12,interstate movers,1000,37.70345085,89,32
13,storage unit deals near me,14800,11.94777285,84,57
14,affordable storage near me,880,10.05186878,97,35
15,affordable self storage near me,1600,8.663923905,100,36
16,cheap storage units,1600,16.62672102,92,45
17,cubicle storage units,1600,0.55803969,100,44
18,inexpensive storage facilities,1600,10.86746524,82,38
19,mobile storage units,720,12.52727561,90,41
20,cheap storage facilities near me,1000,12.83491287,87,57
21,cheap mini storage,1600,9.97317087,96,42
22,movable container,590,8.978715525,98,48
23,self storage units near me cheap,1000,12.83491287,85,30
24,cheap storage units near me,1600,14.86674969,98,39
25,automated storage units,2400,7.318905165,88,40
26,cheap storage facilities,1600,16.62672102,92,42
27,self storage deals near me,5400,7.304596455,56,23
28,ikea storage units,880,0.5723484,100,41
29,cheap storage close to me,880,10.05186878,97,35
30,interstate moving co,1000,23.91700876,90,41
31,interstate moving truck hire,480,8.12734728,81,18
32,mobile self storage,1300,9.207654885,100,44
33,cheap storage space,1600,9.97317087,96,42
34,storage units near me affordable,1600,12.94938255,100,61
35,interstate moving services,1000,38.56197345,94,31
36,cheapstorageunits,1600,10.86746524,82,56
37,inexpensive storage near me,880,11.82614882,99,35
38,affordable storage units near me,1600,12.36272544,99,50
39,interstate moving companies,1000,38.56197345,94,32
40,interstate removal truck hire,480,5.0080485,80,30
41,kents removalists,3600,11.28957219,71,41
42,cheap storage places near me,880,10.05186878,97,35
43,affordable storage facilities,1600,9.97317087,96,42
44,rental shipping containers,880,8.0128776,63,32
45,cheapest self storage,1900,12.99230868,90,48
46,automated self storage,2900,7.38329436,74,26
47,inexpensive self storage,1600,10.86746524,82,38
48,rental storage units,2400,7.39760307,91,41
49,cheap storage near me,880,14.35163613,97,37